,Accuracy,MCC,F1w,Recall_macro,Precision,AUC,Train_s
KNN,0.966297786720322,0.5360795489723164,0.9694722550453575,0.7237543740546725,0.9745197970376897,0.8583532117124428,0.062
Decision Tree,0.994466800804829,0.8982141572012546,0.9943775330673439,0.8832365702693081,0.9945764982456724,0.9260134719335457,0.35
Random Forest,0.993963782696177,0.8909729312631954,0.993983947681951,0.8948823989788344,0.9941534885740374,0.9992412808832023,7.863
Gradient Boosting,0.9954728370221329,0.9247364347065392,0.9957359501322449,0.9724830895589722,0.9964192648397882,0.9994663624047948,69.948
XGBoost,0.9949698189134809,0.9106451174619691,0.9950763659224665,0.9183970680043393,0.9955985915492958,0.999811807185883,3.797
LightGBM,0.9959758551307847,0.9291230419057613,0.9960384158254306,0.9450077122620423,0.996218008119371,0.9997267997349686,1.272
MLP (original),0.9823943661971831,0.7499817637780789,0.9839969077780166,0.9108112949996156,0.9872930434566762,0.9967783012094465,24.177
MLP (upgraded),0.9859154929577465,0.7957509555457928,0.9871019618905245,0.9380692722454077,0.9895736533276056,0.9976738402548446,43.725
Stacking (XGB+LGBM→RF),0.9954728370221329,0.9162560944061872,0.995261572940062,0.8794412501842843,0.9954938393246074,0.9761213915896395,12.335
